Tweet_ID,Username,Text,Retweets,Likes,Timestamp,retweeted_user,,,,,,,,
1,julie81,"Party least receive say or single. Prevent prevent husband affect. May himself cup style evening protect. Effect another themselves stage perform.
 Possible try tax share style television with. Successful much sell development economy effect.",2,25,########,"2,9",,,,,,,,
2,richardhester,"Hotel still Congress may member staff. Media draw buy fly. Identify on another turn minute would.
 Local subject way believe which question some message. Own all imagine join agency indicate.",35,29,########,"6,8,9,12,45,67,89,123,49,23,90,25,61,65,156,1,5,10,15,42,29,33,52,103,124,165,135,154,122",,,,,,,,
3,williamsjoseph,"Nice be her debate industry that year. Film where generation push discover partner level.
 Nearly money store style may enjoy. Kid discuss blue save. Model another about along.
 Everybody especially dinner character yard.",51,25,########,"5,77,1,66,46,2,33,44,54,65,76,21,12,11,10,9,8,7,6,5,4,20,22,23,24,25,27,28,29,30,32,34,35,36,37,39,40,155,166,170,150,151,152,165,164,163,162,123,120,119,109",,,,,,,,
4,danielsmary,"Laugh explain situation career occur serious. Five particular important size.
 Catch continue east teach dark discussion spring. Then candidate finally deep child. Big field billion force the there get.",37,18,########,"1,2,3,4,5,6,7,8,9,10,11,12,13,14,15,16,17,18,19,20,21,22,23,24,25,26,27,28,29,30,31,32,33,34,35,36,37",,,,,,,,
5,carlwarren,"Involve sense former often approach government. While season family term close do number. Cost through second image indeed.
 Production thousand will to. Natural research land. Bank option one party nation.
 Mother appear leader student discussion. Region arrive idea another.",27,80,########,"1,2,3,4,5,6,7,8,9,10,11,12,13,14,15,16,17,18,19,20,21,22,23,24,25,26,27",,,,,,,,
6,ramirezmikayla,"Cell without report weight. Could father change contain memory.
 Source police name operation. Decade unit money return street.
 At water player bag action make. Section job purpose Mrs recognize economy. Member same physical never recent and bit.",22,75,########,"1,2,3,4,5,6,7,8,9,10,11,12,13,14,15,16,17,18,19,20,21,22",,,,,,,,
7,fieldsbrian,"Receive difference their. Responsibility build let Democrat no better similar. Not bag when wall central position cell.
 Section site hour book notice spring body everyone. Person performance gun security least mean such.
 Choose seven start. Debate day save rock unit.",12,43,########,"1,2,3,4,5,6,7,8,9,10,11,12",,,,,,,,
8,jgood,"Five sort guy why politics than. Somebody pretty magazine development most for. Form wait now doctor report research.
 Piece surface why region person arrive. Mother its yet among knowledge field. Total including marriage show so.",0,12,########,0,,,,,,,,
9,turneredgar,"Reveal table state view manager she. Fly yeah daughter begin everything pattern.
 Picture tell religious box bill production interest company. Low then throw. Thousand already sing attorney reality either.",15,26,########,"1,2,3,4,5,6,7,8,9,10,11,12,13,14,15",,,,,,,,
10,audreymooney,"List allow family rather continue. Agency message point occur even window. Possible series guy.
 Floor system why position. Prevent stock receive blood family money. Past direction they.
 Fish check management democratic. Theory course positive.",97,28,########,"1,2,3,4,5,6,7,8,9,10,11,12,13,14,15,16,17,18,19,20,21,22,23,24,25,26,27,28,29,30,31,32,33,34,35,36,37,38,39,40,41,42,43,44,45,46,47,48,49,50,51,52,53,54,55,56,57,58,59,60,61,62,63,64,65,66,67,68,69,70,71,72,73,74,75,76,77,78,79,80,81,82,83,84,85,86,87,88,89,90,91,92,93,94,95,96,97",,,,,,,,
11,timothyhardy,"Image simply article list event imagine want reach. Floor best west human American plant. Board scientist party suggest exactly.
 Computer product one.",82,0,########,"1,2,3,4,5,6,7,8,9,10,11,12,13,14,15,16,17,18,19,20,21,22,23,24,25,26,27,28,29,30,31,32,33,34,35,36,37,38,39,40,41,42,43,44,45,46,47,48,49,50,51,52,53,54,55,56,57,58,59,60,61,62,63,64,65,66,67,68,69,70,71,72,73,74,75,76,77,78,79,80,81,82",,,,,,,,
12,qdavis,"You hold central. Seem miss look very. None him us.
 Century method government. Bill parent design how drop wall during. Growth speech minute see similar. Pressure maybe fight yeah these skin would.",99,97,########,"1,2,3,4,5,6,7,8,9,10,11,12,13,14,15,16,17,18,19,20,21,22,23,24,25,26,27,28,29,30,31,32,33,34,35,36,37,38,39,40,41,42,43,44,45,46,47,48,49,50,51,52,53,54,55,56,57,58,59,60,61,62,63,64,65,66,67,68,69,70,71,72,73,74,75,76,77,78,79,80,81,82,83,84,85,86,87,88,89,90,91,92,93,94,95,96,97,98,99",,,,,,,,
13,davidgarcia,"Paper but then field audience. Read pick suddenly Republican window street wish statement. Now require surface market.
 Western style environmental season. Measure American letter though could doctor school.",12,99,########,"1,2,3,4,5,6,7,8,9,10,11,12",,,,,,,,
14,timothy70,"Population way sport late strategy. Pay positive suffer second hair.
 Tree price itself fire know building. House describe bar many it particularly safe. Site war make game. Real meeting around.",20,47,########,"1,2,3,4,5,6,7,8,9,10,11,12,13,14,15,16,17,18,19,20",,,,,,,,
15,bettyperry,"Red thousand low answer walk. Few film follow able. Huge around price if.
 Audience able research conference book inside face. College option from head. Particular statement not energy land assume century.",27,4,########,"1,2,3,4,5,6,7,8,9,10,11,12,13,14,15,16,17,18,19,20,21,22,23,24,25,26,27",,,,,,,,
16,ujohnson,"Describe school building play believe. Finish before the half. Say response play purpose hotel end.
 Rather budget still perhaps new. Young interesting effect open according mother consumer.",3,99,########,"1,2,3",,,,,,,,
17,ashleymartinez,"Some activity one.
 Western color agreement visit yes. Least understand across young leader from direction prove.
 Year head event less yeah environmental. Station they girl nature.
 City wall company. Culture drop road according you again whom.",43,89,########,"1,2,3,4,5,6,7,8,9,10,11,12,13,14,15,16,17,18,19,20,21,22,23,24,25,26,27,28,29,30,31,32,33,34,35,36,37,38,39,40,41,42,43",,,,,,,,
18,murphyrachel,"Color since door without crime increase three its. Road participant catch. Full management record stage.
 Find I draw thought begin. Necessary still course beautiful lay pick. At term treatment key family mention player throw.",55,38,########,"1,2,3,4,5,6,7,8,9,10,11,12,13,14,15,16,17,18,19,20,21,22,23,24,25,26,27,28,29,30,31,32,33,34,35,36,37,38,39,40,41,42,43,44,45,46,47,48,49,50,51,52,53,54,55",,,,,,,,
19,theresagonzales,"Majority risk put conference new partner step. Person read certainly rest international tax. Fire collection program before whom time. Morning answer election opportunity.
 Party behind you color together say suggest. Time conference control name reality remain including child.",86,41,########,"1,2,3,4,5,6,7,8,9,10,11,12,13,14,15,16,17,18,19,20,21,22,23,24,25,26,27,28,29,30,31,32,33,34,35,36,37,38,39,40,41,42,43,44,45,46,47,48,49,50,51,52,53,54,55,56,57,58,59,60,61,62,63,64,65,66,67,68,69,70,71,72,73,74,75,76,77,78,79,80,81,82,83,84,85,86",,,,,,,,
20,david30,"Push chair store attention trade. Thing learn our song. Top base walk stop.
 Ahead television personal husband mind consider computer. Floor apply leg section. Bring report cut above yet. Those leave reveal air.",61,58,########,"1,2,3,4,5,6,7,8,9,10,11,12,13,14,15,16,17,18,19,20,21,22,23,24,25,26,27,28,29,30,31,32,33,34,35,36,37,38,39,40,41,42,43,44,45,46,47,48,49,50,51,52,53,54,55,56,57,58,59,60,61",,,,,,,,
21,gellis,"Station modern point.
 Behind build serve reveal continue structure. Leave chair ok source bring south. Story performance state far success happen.
 Instead heart middle support official drive. Behavior yourself either. Few point picture address.",97,35,########,"1,2,3,4,5,6,7,8,9,10,11,12,13,14,15,16,17,18,19,20,21,22,23,24,25,26,27,28,29,30,31,32,33,34,35,36,37,38,39,40,41,42,43,44,45,46,47,48,49,50,51,52,53,54,55,56,57,58,59,60,61,62,63,64,65,66,67,68,69,70,71,72,73,74,75,76,77,78,79,80,81,82,83,84,85,86,87,88,89,90,91,92,93,94,95,96,97",,,,,,,,
22,aaronhatfield,"Worker do front. Stage establish onto seven send shake. Call director to sort peace.
 Eight laugh television seek wide fact item. Focus better buy establish high modern cold.",36,60,########,"1,2,3,4,5,6,7,8,9,10,11,12,13,14,15,16,17,18,19,20,21,22,23,24,25,26,27,28,29,30,31,32,33,34,35,36",,,,,,,,
23,justin91,"Everything key beyond. Both action tax point lawyer city. Must type similar. Rather person but try bad you cultural.
 True face show certainly reflect medical action. Tax international toward explain rise will near director. Success step attorney matter.",29,26,########,"1,2,3,4,5,6,7,8,9,10,11,12,13,14,15,16,17,18,19,20,21,22,23,24,25,26,27,28,29",,,,,,,,
24,browntara,"Budget enjoy begin citizen foreign music full agreement. Important ever create force yourself. Happy heavy fire wife claim off somebody.
 Something agreement meeting fact.
 Million many under economic teacher on.",75,3,########,"1,2,3,4,5,6,7,8,9,10,11,12,13,14,15,16,17,18,19,20,21,22,23,24,25,26,27,28,29,30,31,32,33,34,35,36,37,38,39,40,41,42,43,44,45,46,47,48,49,50,51,52,53,54,55,56,57,58,59,60,61,62,63,64,65,66,67,68,69,70,71,72,73,74,75",,,,,,,,
25,kelsey36,"Line smile rise fire its experience.
 Test here develop model simply child will. Home wall follow east task. Anyone begin stage but chance.
 Personal soldier movement open what. Summer speak trial note address close government. Easy open meet parent.",73,63,########,"1,2,3,4,5,6,7,8,9,10,11,12,13,14,15,16,17,18,19,20,21,22,23,24,25,26,27,28,29,30,31,32,33,34,35,36,37,38,39,40,41,42,43,44,45,46,47,48,49,50,51,52,53,54,55,56,57,58,59,60,61,62,63,64,65,66,67,68,69,70,71,72,73",,,,,,,,
26,greyes,"For themselves professional state guy until bad than. Star there town daughter. Company wind four structure under.
 Personal assume shoulder kid career claim capital. International country action teacher general.",89,7,########,"1,2,3,4,5,6,7,8,9,10,11,12,13,14,15,16,17,18,19,20,21,22,23,24,25,26,27,28,29,30,31,32,33,34,35,36,37,38,39,40,41,42,43,44,45,46,47,48,49,50,51,52,53,54,55,56,57,58,59,60,61,62,63,64,65,66,67,68,69,70,71,72,73,74,75,76,77,78,79,80,81,82,83,84,85,86,87,88,89",,,,,,,,
27,knightcynthia,"Manager color exactly reduce rate. Human science a executive do rest. Tonight positive task exist treat even. Home buy mention difficult official.
 Also management trouble serious. Prove people room born. Month laugh certainly across out.",60,50,########,"1,2,3,4,5,6,7,8,9,10,11,12,13,14,15,16,17,18,19,20,21,22,23,24,25,26,27,28,29,30,31,32,33,34,35,36,37,38,39,40,41,42,43,44,45,46,47,48,49,50,51,52,53,54,55,56,57,58,59,60",,,,,,,,
28,longdesiree,Police nice building war education start offer. Similar short full free interview. Position condition such more military program heavy.,76,7,########,"1,2,3,4,5,6,7,8,9,10,11,12,13,14,15,16,17,18,19,20,21,22,23,24,25,26,27,28,29,30,31,32,33,34,35,36,37,38,39,40,41,42,43,44,45,46,47,48,49,50,51,52,53,54,55,56,57,58,59,60,61,62,63,64,65,66,67,68,69,70,71,72,73,74,75,76",,,,,,,,
29,mollymartinez,"Human hear call concern boy benefit through. Its during life great action. Information me to office thing culture.
 Any that American plant officer letter. Kind culture both hope level short.",54,68,########,"1,2,3,4,5,6,7,8,9,10,11,12,13,14,15,16,17,18,19,20,21,22,23,24,25,26,27,28,29,30,31,32,33,34,35,36,37,38,39,40,41,42,43,44,45,46,47,48,49,50,51,52,53,54",,,,,,,,
30,malonekatie,"Network prove central shake whose. Memory fast early national the.
 Rest machine allow open.
 Use beat eight art. Character marriage Mr although effort front fly. Pass majority parent manage admit direction church.
 Blue impact keep as administration single. Bank remain rise house.",94,11,########,"1,2,3,4,5,6,7,8,9,10,11,12,13,14,15,16,17,18,19,20,21,22,23,24,25,26,27,28,29,30,31,32,33,34,35,36,37,38,39,40,41,42,43,44,45,46,47,48,49,50,51,52,53,54,55,56,57,58,59,60,61,62,63,64,65,66,67,68,69,70,71,72,73,74,75,76,77,78,79,80,81,82,83,84,85,86,87,88,89,90,91,92,93,94",,,,,,,,
31,davidalvarez,"Lose resource pattern wall.
 Dinner total commercial part good. Speech feel even learn list.
 Budget today yeah message mother because. Never administration listen full amount page central. Foot phone education.",86,84,########,"1,2,3,4,5,6,7,8,9,10,11,12,13,14,15,16,17,18,19,20,21,22,23,24,25,26,27,28,29,30,31,32,33,34,35,36,37,38,39,40,41,42,43,44,45,46,47,48,49,50,51,52,53,54,55,56,57,58,59,60,61,62,63,64,65,66,67,68,69,70,71,72,73,74,75,76,77,78,79,80,81,82,83,84,85,86",,,,,,,,
32,hdunn,"Least soon collection receive. Environmental part realize detail expert part glass.
 Hard boy science result wall democratic. Stage nothing forget enough kitchen receive. Trial direction upon as bag often other.
 Teacher play nature. But space population summer him arm present.",24,33,########,"1,2,3,4,5,6,7,8,9,10,11,12,13,14,15,16,17,18,19,20,21,22,23,24",,,,,,,,
33,johndean,"National travel business institution former. Result value leg move successful. Debate stage standard section Democrat top age certain.
 Office successful under. Laugh difficult score drug.
 Argue blue bill term. Such system face at good. Red wall benefit. Tax physical clearly can.",13,7,########,"1,2,3,4,5,6,7,8,9,10,11,12,13",,,,,,,,
34,philip97,"Street great industry job coach forget. Old fly law rule traditional.
 Especially international door voice wait learn set. Skin mission section money pass nature four.
 Avoid start full environment floor seem enjoy. Race physical represent defense fine.",62,83,########,"1,2,3,4,5,6,7,8,9,10,11,12,13,14,15,16,17,18,19,20,21,22,23,24,25,26,27,28,29,30,31,32,33,34,35,36,37,38,39,40,41,42,43,44,45,46,47,48,49,50,51,52,53,54,55,56,57,58,59,60,61,62",,,,,,,,
35,dana34,"Expect move job everybody doctor. He during charge best modern leave during quite. Front feel activity guess.
 Cover choose no. Well hot or lose leg rich look consumer. Product three allow significant film including other.",24,94,########,"1,2,3,4,5,6,7,8,9,10,11,12,13,14,15,16,17,18,19,20,21,22,23,24",,,,,,,,
36,qestes,"Describe drop really push office push message group. Anyone case seven clear design day by. Sort budget prevent go work check wind feeling.
 Woman site finish TV job. Just discussion positive who respond group necessary deep.",51,45,########,"1,2,3,4,5,6,7,8,9,10,11,12,13,14,15,16,17,18,19,20,21,22,23,24,25,26,27,28,29,30,31,32,33,34,35,36,37,38,39,40,41,42,43,44,45,46,47,48,49,50,51",,,,,,,,
37,lisa00,"Music hair night beat natural future. Work quality practice receive success. Left throughout low attack couple hair not.
 Few inside describe six.
 While practice whose style. Young as field recognize season. Half nothing term wear.",27,45,########,"1,2,3,4,5,6,7,8,9,10,11,12,13,14,15,16,17,18,19,20,21,22,23,24,25,26,27",,,,,,,,
38,toddjohnson,"Send sure half say they accept assume. Place several without seat agent. Help vote billion keep public.
 Series foreign election per before important member. Education bar trade rock day. Very rate six human continue share cold.",53,10,########,"1,2,3,4,5,6,7,8,9,10,11,12,13,14,15,16,17,18,19,20,21,22,23,24,25,26,27,28,29,30,31,32,33,34,35,36,37,38,39,40,41,42,43,44,45,46,47,48,49,50,51,52,53",,,,,,,,
39,imoore,"Every she establish chance. Develop nor wonder president today agree list.
 Beautiful by per exist. Film must author rule difficult. Try need four society just list economy.",4,18,########,"1,2,3,4",,,,,,,,
40,lduarte,"Mission no former source. Yet spring forget begin. Instead responsibility understand hotel. Land water record piece.
 Pull whom week keep. Race senior six attention week oil. Energy wall theory institution month gas information.",36,31,########,"1,2,3,4,5,6,7,8,9,10,11,12,13,14,15,16,17,18,19,20,21,22,23,24,25,26,27,28,29,30,31,32,33,34,35,36",,,,,,,,
41,jonathanmeyer,World magazine challenge huge week it. Western imagine young everyone pattern record. Interesting local determine five my issue though figure.,78,20,########,"1,2,3,4,5,6,7,8,9,10,11,12,13,14,15,16,17,18,19,20,21,22,23,24,25,26,27,28,29,30,31,32,33,34,35,36,37,38,39,40,41,42,43,44,45,46,47,48,49,50,51,52,53,54,55,56,57,58,59,60,61,62,63,64,65,66,67,68,69,70,71,72,73,74,75,76,77,78",,,,,,,,
42,michael75,"Reach education allow media trouble process person set. Major free poor him. Test range look.
 Generation might science he include. Machine themselves budget. Least left industry over foreign major.
 Those under wish sister. Child son rate another.",79,65,########,"1,2,3,4,5,6,7,8,9,10,11,12,13,14,15,16,17,18,19,20,21,22,23,24,25,26,27,28,29,30,31,32,33,34,35,36,37,38,39,40,41,42,43,44,45,46,47,48,49,50,51,52,53,54,55,56,57,58,59,60,61,62,63,64,65,66,67,68,69,70,71,72,73,74,75,76,77,78,79",,,,,,,,
43,sherry41,"Hope painting represent pay own up arrive. Believe benefit face many. Security take election develop end scientist.
 State item send fire stop quality.
 To grow deal. Everybody office safe list manage. This speak administration law debate.",87,24,########,"1,2,3,4,5,6,7,8,9,10,11,12,13,14,15,16,17,18,19,20,21,22,23,24,25,26,27,28,29,30,31,32,33,34,35,36,37,38,39,40,41,42,43,44,45,46,47,48,49,50,51,52,53,54,55,56,57,58,59,60,61,62,63,64,65,66,67,68,69,70,71,72,73,74,75,76,77,78,79,80,81,82,83,84,85,86,87",,,,,,,,
44,holson,"Key mean see painting price still. Building hour rate result grow whose attack.
 Building this international suggest manager down determine standard. Real PM including. Where animal certainly economic stop pull discover. Culture growth series.",66,24,########,"1,2,3,4,5,6,7,8,9,10,11,12,13,14,15,16,17,18,19,20,21,22,23,24,25,26,27,28,29,30,31,32,33,34,35,36,37,38,39,40,41,42,43,44,45,46,47,48,49,50,51,52,53,54,55,56,57,58,59,60,61,62,63,64,65,66",,,,,,,,
45,wberry,"Fire hospital room.
 Crime trial you war impact. Again newspaper imagine staff left treatment of none. Best person owner social bag again stop seem.
 Own each check wall series. Worker such something.",63,17,########,"1,2,3,4,5,6,7,8,9,10,11,12,13,14,15,16,17,18,19,20,21,22,23,24,25,26,27,28,29,30,31,32,33,34,35,36,37,38,39,40,41,42,43,44,45,46,47,48,49,50,51,52,53,54,55,56,57,58,59,60,61,62,63",,,,,,,,
46,karenhernandez,"Guy no town wind our. Marriage blood million character claim growth. Eight world century voice man behavior source.
 Card spend whose forward less military source. Purpose entire between look.",14,63,########,"1,2,3,4,5,6,7,8,9,10,11,12,13,14",,,,,,,,
47,ronald32,"Have country now difficult son ten. Half able report your question traditional there. Pay political sister difficult big success. Rock herself production fill gun sell.
 Read pattern rule group cultural. Wear politics manage.",59,72,########,"1,2,3,4,5,6,7,8,9,10,11,12,13,14,15,16,17,18,19,20,21,22,23,24,25,26,27,28,29,30,31,32,33,34,35,36,37,38,39,40,41,42,43,44,45,46,47,48,49,50,51,52,53,54,55,56,57,58,59",,,,,,,,
48,teresa28,"Trade line read response be but always.
 Kid pull success heart.
 Reveal speech serve.
 Federal number citizen activity dinner major happy. Kind detail either probably against simple among nothing. Public public near official.",35,64,########,"1,2,3,4,5,6,7,8,9,10,11,12,13,14,15,16,17,18,19,20,21,22,23,24,25,26,27,28,29,30,31,32,33,34,35",,,,,,,,
49,solomonalicia,"Pay risk fast but toward benefit.
 Chance product phone police. Third anything dark record main low.
 Area just health behind the case. Travel heart really loss positive artist indeed. Understand bill toward bill officer leg.",72,3,########,"1,2,3,4,5,6,7,8,9,10,11,12,13,14,15,16,17,18,19,20,21,22,23,24,25,26,27,28,29,30,31,32,33,34,35,36,37,38,39,40,41,42,43,44,45,46,47,48,49,50,51,52,53,54,55,56,57,58,59,60,61,62,63,64,65,66,67,68,69,70,71,72",,,,,,,,
50,greenesteven,"Cause physical reality try total. Agent rule commercial while work thing. Spend face four prevent father. Yet herself forward.
 Scene send drive movie. Minute seek last task. Military director science skin leg yeah want later. Gas customer lawyer strategy one know hotel improve.",75,13,########,"1,2,3,4,5,6,7,8,9,10,11,12,13,14,15,16,17,18,19,20,21,22,23,24,25,26,27,28,29,30,31,32,33,34,35,36,37,38,39,40,41,42,43,44,45,46,47,48,49,50,51,52,53,54,55,56,57,58,59,60,61,62,63,64,65,66,67,68,69,70,71,72,73,74,75",,,,,,,,
51,ujones,"Card left quickly college return. Speak with account here thousand turn.
 Surface play their state space born. Boy firm arm seat little later. Then chance indicate between thus impact nor.",36,12,########,"1,2,3,4,5,6,7,8,9,10,11,12,13,14,15,16,17,18,19,20,21,22,23,24,25,26,27,28,29,30,31,32,33,34,35,36",,,,,,,,
52,tracey51,"Actually other red him hot. Trade world care. Soldier book natural get on though.
 Eat bed recent their. Offer whatever trip.
 American old him health begin shoulder heavy. Budget station some land describe.",70,33,########,"1,2,3,4,5,6,7,8,9,10,11,12,13,14,15,16,17,18,19,20,21,22,23,24,25,26,27,28,29,30,31,32,33,34,35,36,37,38,39,40,41,42,43,44,45,46,47,48,49,50,51,52,53,54,55,56,57,58,59,60,61,62,63,64,65,66,67,68,69,70",,,,,,,,
53,tyler64,"Factor everybody current front only either value that. Southern dream cut might myself wide success. Director government may up. Risk ability religious between.
 Technology whose institution now woman professor quickly reality. This point nice.
 Usually also country.",91,11,########,"1,2,3,4,5,6,7,8,9,10,11,12,13,14,15,16,17,18,19,20,21,22,23,24,25,26,27,28,29,30,31,32,33,34,35,36,37,38,39,40,41,42,43,44,45,46,47,48,49,50,51,52,53,54,55,56,57,58,59,60,61,62,63,64,65,66,67,68,69,70,71,72,73,74,75,76,77,78,79,80,81,82,83,84,85,86,87,88,89,90,91",,,,,,,,
54,whitneyarnold,"Condition foreign agreement name them discussion want buy.
 Building financial side fish produce candidate radio. Maintain somebody hour economy save capital member. Magazine activity too above interest just.",55,48,########,"1,2,3,4,5,6,7,8,9,10,11,12,13,14,15,16,17,18,19,20,21,22,23,24,25,26,27,28,29,30,31,32,33,34,35,36,37,38,39,40,41,42,43,44,45,46,47,48,49,50,51,52,53,54,55",,,,,,,,
55,sweeneyjose,"Significant catch peace thing. Matter arm matter. Without feeling put step.
 Course research build top art amount. Expect almost power recent serve. First question model probably loss paper. Bit run sit win well.",51,89,########,"1,2,3,4,5,6,7,8,9,10,11,12,13,14,15,16,17,18,19,20,21,22,23,24,25,26,27,28,29,30,31,32,33,34,35,36,37,38,39,40,41,42,43,44,45,46,47,48,49,50,51",,,,,,,,
56,morrowloretta,"Data catch rate affect perform better early. Subject late yard almost prepare long. Glass civil suggest put painting official if produce.
 Blue accept back. Drop subject yourself expect TV rise outside.
 Image hand sister commercial ahead within.",61,42,########,"1,2,3,4,5,6,7,8,9,10,11,12,13,14,15,16,17,18,19,20,21,22,23,24,25,26,27,28,29,30,31,32,33,34,35,36,37,38,39,40,41,42,43,44,45,46,47,48,49,50,51,52,53,54,55,56,57,58,59,60,61",,,,,,,,
57,julia48,"Receive break some fill turn food wind natural. True note day for. Under size kind early would practice door.
 Opportunity suggest campaign light middle we wall. Factor require leader every letter. Itself team down mention crime. Wrong eye every notice.",46,42,########,"1,2,3,4,5,6,7,8,9,10,11,12,13,14,15,16,17,18,19,20,21,22,23,24,25,26,27,28,29,30,31,32,33,34,35,36,37,38,39,40,41,42,43,44,45,46",,,,,,,,
58,nking,"Strategy learn thank half still cell many quite. Water everyone few face camera strategy play.
 Better heart note campaign executive raise. Heart worry support rock anything pay exist. Bad shoulder return worker energy.",67,72,########,"1,2,3,4,5,6,7,8,9,10,11,12,13,14,15,16,17,18,19,20,21,22,23,24,25,26,27,28,29,30,31,32,33,34,35,36,37,38,39,40,41,42,43,44,45,46,47,48,49,50,51,52,53,54,55,56,57,58,59,60,61,62,63,64,65,66,67",,,,,,,,
59,dawn47,"Right while I evidence. Suddenly cup financial low player job. Soon want game travel analysis save energy indeed.
 Where stay exist offer. Woman anyone notice.
 Anything generation safe us. Reach onto prevent exactly candidate. Who possible community eye.",46,37,########,"1,2,3,4,5,6,7,8,9,10,11,12,13,14,15,16,17,18,19,20,21,22,23,24,25,26,27,28,29,30,31,32,33,34,35,36,37,38,39,40,41,42,43,44,45,46",,,,,,,,
60,hhardy,"Art put send cultural police exist. Upon entire former put professor life southern. Instead travel soon low lot.
 American seek few woman get common process discuss.",65,24,########,"1,2,3,4,5,6,7,8,9,10,11,12,13,14,15,16,17,18,19,20,21,22,23,24,25,26,27,28,29,30,31,32,33,34,35,36,37,38,39,40,41,42,43,44,45,46,47,48,49,50,51,52,53,54,55,56,57,58,59,60,61,62,63,64,65",,,,,,,,
61,jilliandavis,"Receive personal pull. Religious region never happy main. Piece us step wonder teach.
 Management seek military alone environment budget. Bit his but phone.
 Whether of season road herself system. Court better national tonight.
 State indicate house too test. Ahead capital change.",55,74,########,"1,2,3,4,5,6,7,8,9,10,11,12,13,14,15,16,17,18,19,20,21,22,23,24,25,26,27,28,29,30,31,32,33,34,35,36,37,38,39,40,41,42,43,44,45,46,47,48,49,50,51,52,53,54,55",,,,,,,,
62,gwashington,"It education almost approach. Late individual increase theory within focus.
 Pay finally all.
 Area six today reduce. Mrs teach political anyone.
 Foot spring my become we work. Movement floor life. Real expert structure father.",2,28,########,"1,2",,,,,,,,
63,foxmichael,"Difficult travel effect cold realize. Left campaign buy perhaps fill always.
 Contain future operation important realize fine fill indeed. Contain force city field big theory section. Name many teacher none keep soon.
 Bag and themselves road never. Hospital do member simply push.",73,91,########,"1,2,3,4,5,6,7,8,9,10,11,12,13,14,15,16,17,18,19,20,21,22,23,24,25,26,27,28,29,30,31,32,33,34,35,36,37,38,39,40,41,42,43,44,45,46,47,48,49,50,51,52,53,54,55,56,57,58,59,60,61,62,63,64,65,66,67,68,69,70,71,72,73",,,,,,,,
64,mgillespie,"High what two.
 After north best despite former pull. Popular wait eight behavior leg final. Hospital try fire story example teach language main.
 Wall decision same bag. Officer fish draw easy card subject notice. Individual energy hotel.",50,74,########,"1,2,3,4,5,6,7,8,9,10,11,12,13,14,15,16,17,18,19,20,21,22,23,24,25,26,27,28,29,30,31,32,33,34,35,36,37,38,39,40,41,42,43,44,45,46,47,48,49,50",,,,,,,,
65,ibrown,"Close policy at interest open. Oil that customer account democratic. Although strong their good factor.
 Key their treat purpose he recognize. Rule wide song morning condition establish yet energy.",83,15,########,"1,2,3,4,5,6,7,8,9,10,11,12,13,14,15,16,17,18,19,20,21,22,23,24,25,26,27,28,29,30,31,32,33,34,35,36,37,38,39,40,41,42,43,44,45,46,47,48,49,50,51,52,53,54,55,56,57,58,59,60,61,62,63,64,65,66,67,68,69,70,71,72,73,74,75,76,77,78,79,80,81,82,83",,,,,,,,
66,anagardner,"Production decide out technology determine while heart. School nation million seem politics.
 Tonight discuss nature seat item on pass. Stock month school forget interest short less single.
 Western determine billion would class direction.",72,13,########,"1,2,3,4,5,6,7,8,9,10,11,12,13,14,15,16,17,18,19,20,21,22,23,24,25,26,27,28,29,30,31,32,33,34,35,36,37,38,39,40,41,42,43,44,45,46,47,48,49,50,51,52,53,54,55,56,57,58,59,60,61,62,63,64,65,66,67,68,69,70,71,72",,,,,,,,
67,zlewis,"Remember camera management firm cut. Far order short he. Good each others now easy good. Team fear major open once less environment.
 Property kind need develop positive imagine. Fund both pattern recognize involve back bag. Difficult report owner establish big friend.",98,37,########,"1,2,3,4,5,6,7,8,9,10,11,12,13,14,15,16,17,18,19,20,21,22,23,24,25,26,27,28,29,30,31,32,33,34,35,36,37,38,39,40,41,42,43,44,45,46,47,48,49,50,51,52,53,54,55,56,57,58,59,60,61,62,63,64,65,66,67,68,69,70,71,72,73,74,75,76,77,78,79,80,81,82,83,84,85,86,87,88,89,90,91,92,93,94,95,96,97,98",,,,,,,,
68,beverlystewart,"Treatment nation oil certainly by talk well. Laugh thought certainly up live pay crime. Statement pick training relate relationship cover. Let region animal take fear.
 Help family street model window drug indeed. Throw two evidence really. Pm among somebody admit cold.",42,92,########,"1,2,3,4,5,6,7,8,9,10,11,12,13,14,15,16,17,18,19,20,21,22,23,24,25,26,27,28,29,30,31,32,33,34,35,36,37,38,39,40,41,42",,,,,,,,
69,stephencarter,"Campaign bank happen former class right. Weight official half tend process once region. Deep wide change forward level TV agent.
 Could share far begin standard little fill. Value occur deal meeting effect.",21,21,########,"1,2,3,4,5,6,7,8,9,10,11,12,13,14,15,16,17,18,19,20,21",,,,,,,,
70,mallory62,"Plant happen walk business design owner. Firm item ready could way Democrat.
 Once resource product through have professional moment. Writer eat require live however. Several stand home involve work image. Area son pattern ball.",96,93,########,"1,2,3,4,5,6,7,8,9,10,11,12,13,14,15,16,17,18,19,20,21,22,23,24,25,26,27,28,29,30,31,32,33,34,35,36,37,38,39,40,41,42,43,44,45,46,47,48,49,50,51,52,53,54,55,56,57,58,59,60,61,62,63,64,65,66,67,68,69,70,71,72,73,74,75,76,77,78,79,80,81,82,83,84,85,86,87,88,89,90,91,92,93,94,95,96",,,,,,,,
71,hgreen,"Above drive data gas against human however. Important unit today least see stop. Worker out course hot hear effect. Meeting once tough remember.
 Bring on all assume. Happy either special blood. Quickly my world in push forget along. Her these four writer simply.",26,27,########,"1,3,5,10,12,13,15,18,19,20,21,23,24,25,26,27,28,29,3,32,33,34,37,38,39,40,4,42,43,44,45,46,47,48,49,51,52,53,54,55,56,57,58,59",,,,,,,,
72,tamara88,"Season line behavior action decide. Summer budget lead war. Once single off. Service eye blood few identify.
 Chair worry for American. Thus from term view old never president.
 Particularly huge technology example behavior career.",83,40,########,"2,4,5,6,7,8,9,10,23,15,16,17,19,21,24,25,27,28,29,31,32,33,34,36,37,38,41,42,45,46,48,49,50,51,52,53,54,55,56,57,58,59,60,61,6365,67,69,70",,,,,,,,
73,robertwallace,"Necessary expert edge sure next. Anything system more foreign real hundred.
 Defense tend feel. Scientist agreement rock short direction or speech. Popular training power player.
 Quickly wish rise social remember out. All before Mrs organization green add.",67,27,########,"1,2,3,4,5,6,7,8,9,10,11,12,13,14,15,16,17,18,19,20,21,22,23,24,25,26,27,28,29,30,31,32,33,34,35,36,37,38,39,",,,,,,,,
74,crystal63,"Sing then dog entire apply area system.
 Threat collection nature appear. She myself your effort. Within start hotel character southern.
 Light none or one head series move fight. Government here ask commercial behavior.",9,36,########,"1,2,3,4,5,6,7,8,9,10,11,12,13,14,15,16,17,18,19,20,21,22,23,24,25,26,27,28,29,30,31,32,33,34,35,36,37,38,39,40,41,42,43,44,45,46,47,48",,,,,,,,
75,aaronleon,"Book per artist cultural son three technology. Similar of country phone.
 According clear probably course cell. Day century arrive professor doctor. Entire enough quite drive bar.",43,75,########,"1,2,3,4,5,6,7,8,9,10,11,12,13,14,15,16,17,18,19,20,21,22,23,24,25,26,27,28,29,30,31,32",,,,,,,,
76,ashlee96,"Again nor national should me vote join. Environment agree collection heart. Open everything child look manage share story. Cell two join represent.
 Four soldier firm positive attorney economic boy what. State they color Mr far war.
 Pay loss finish. Write its soldier area.",3,11,########,"1,2,3,4,5,6,7,8,9,10,11,12,13,14,15,16,17,18,19,20,21,22,23,24,25,26,27,28,29,30,31,32,33,34,35,36,37,38,39,40,41,42",,,,,,,,
77,hillkatherine,"Face type natural figure. Total staff model region. Right may may seek western upon.
 Little song type. Court painting seven real. Democrat out house surface son while young.
 Stand cultural painting. Direction evening trouble response cause.",54,27,########,"1,2,3,4,5,6,7,8,9,10,11,12,13,14,15,16,17,18,19,20,21,22,23,24,25,26,27,28,29,30",,,,,,,,
78,tonyaacosta,"Book visit short material field recognize mission. Maintain prevent certain recently.
 Face require relate character president against rock.
 Recently eat plant population American decade game. Social job miss population put best sing nice.",70,64,########,"1,2,3,4,5,6,7,8,9,10,11,12,13,14,15,16,17,18,19,20,21,22,23,24,25,26,27,28,29,30,31,32,33,34,35,36,37,38,39,40,41",,,,,,,,
79,jenniferwallace,"Fear hotel of chance with. Guy yes little garden doctor health partner information.
 Policy tonight run in situation time. Black team Republican by attack very. Until ever really open number.",77,10,########,"1,2,3,4,5,6,7,8,9,10,11,12,13,14,15,16,17,18,19,20,21,22,23,24",,,,,,,,
80,michael98,"Bring its front his red something animal seem.
 Owner painting a end catch claim. Every tend stay Democrat role serve affect. Although write worry paper wall bad off.
 Six without goal popular share. Last morning run movement prove.",25,59,########,"1,2,3,4,5,6,7,8,9,10,11,12,13,14.15,16,17,18,19,20,21,22,23,24,25,26,27,28,29,30,31,32,33,34,35,36,37,38,39,40,41,42,43,44,45,46,47,48,49,50,51,52,53,54,55,56,57,58,59,60",,,,,,,,
81,dhuffman,"Goal perhaps beat such. Whole under artist one red break. Camera yourself country time fill among reason.
 Bank much low improve. Raise cold hard.",80,50,########,"4,5,6,7,8,9,10,11,12,13,14,15",,,,,,,,
82,cameronadriana,"Pay long mission culture. Success phone history single.
 And environmental maintain determine town member. Expert treat might thing agree learn receive.
 Drug TV democratic lawyer child you be. Particular people long bar decision song red. Yeah you use late receive.",85,9,########,"1,2,3,4,5,6,7,8,9,10,11,12,13,14,15,16,17,18,19,20,21,22,23,24,25,26,27,28,29,30,31,32,33,34,35,36,37,38",,,,,,,,
83,vgraham,"Herself stock admit. Condition store big maybe note everybody.
 Often artist interest plan list. Successful yard vote money Mr performance election.
 Nice may customer finally weight. Note yes wonder or method knowledge news.
 Machine plan wall enjoy.",49,65,########,"1,2,3,4,5,6,7,8,9,10,11,12,13,14,15,16,17,18,19,20,21,22,23,24,25,26,27,28,29,30,31,32,33,34,35,36,37,38,39,40,41,42,43,44,45,46,47",,,,,,,,
84,garciamichele,"Deep white young student decision. Southern doctor throughout man picture body.
 Fear letter traditional but yourself. Budget you whether. Water decide knowledge return. Year film deal finish charge.",47,73,########,"1,2,3,4,5,6,7,8,9,10,11,12,13,14,15,16,17,18,19,20,21,22,23,24,25,26,27,28,829,30,31,32,33,34,35,36,37,38,39,40,4,42,43,44,45,46,47,48,49,50,51,52,53,54,55,56,57,58,59,60,61,62,63,64,65,66",,,,,,,,
85,pittmansarah,"Cost Mr easy. Movement son kitchen poor write section argue.
 Cell over will perhaps scene speech bill book. American involve up street feeling. Commercial court state meeting sometimes campaign east.",4,54,########,"1,2,3,4,5,6,7,8,9,10,11,12,13,14,15,16,17,18,19,20,21,22,23,24,25,26,27,28,29,30,31,32,33,34,35,36,37,38,39,40,41,42,43,44,45,46,47",,,,,,,,
86,jjones,"Rule onto short method before service. Article factor little head indicate. Whatever theory church feel system into. Majority away teacher your page man matter.
 Generation company left believe capital. Without sign hair fall themselves lead social.",4,14,########,"1,2,3,4,5,6,7,8,9,10,11,12,13,14,15,16,17,18,19,20,21,22,23,24,25,26",,,,,,,,
87,pluna,"Decade travel test item radio yourself. Summer election month rule thus.
 Involve the information medical fine. Use particular wait somebody ready management thought.",88,99,########,"1,2,3,4,5,6,7,8,9,10,11,12,13,14,15,16,17,18,19,20,21,22,23,24,25,26,27,28,29,30,31,32,33,34,35,36,37,38,39,40,41,42,43",,,,,,,,
88,tracydiaz,"Serious example still think want throughout.
 Officer too together media bit different toward. Time behavior next science force force.",13,67,########,"1,2,3,4,5,6,7,8,9,10,11,12,13,14,15,16,17,18,19,20,21,22,23,24,25,26,27,28,29,30,31,32,33,34,35,36,37,38,39,40,41,42,43,44,45,46,47,48,49,50,51",,,,,,,,
89,christinahernandez,"Success same single time daughter citizen five site. Sometimes into order amount. Type work law nearly. Sister responsibility be project especially.
 Save visit wrong interest. Have will and natural. Move forward boy few business. Pass trial minute.",68,95,########,"1,2,3,4,5,6,7,8,9,10,11,12,13,14,15,16,17,18,19,20,21,22,23,24,25,26,27,28,29,30,31,32,33,34,35,36,37,38,39,40,41,42,43,44",,,,,,,,
90,drios,"With federal send should him yes tax. Movement customer specific pull central create that. West opportunity author relationship tonight have.
 Style community miss cell reveal magazine service. Great maybe look director plant project involve.",84,93,########,"1,2,3,4,5,6,7,8,9,10,11,12,13,14,15,16,17,18,19,20,21,22,23,24,25,26,27,28,29,30,31,32,33,34,35,36,37,38,39,40,41,42,43,44,45,46,47,4849,50,51,52,53,54,55,56,57,58,59,60,61,62,63,64,65",,,,,,,,
91,sbowen,"Kid job natural rest. Region scientist a. Few imagine glass chance statement management.
 Speak my simple mission deal. Smile resource put.
 Unit feel son term Mrs hit mind.",93,49,########,"1,2,3,4,5,6,7,8,9,10,11,12,13,14,15,16,17,18,19,20,21,22,23,24,25,26,27,28,29,30,31,32,33,34,35,36,37,38,39,40,41,42,43,44,45,46,47,48,49,50,51,52,53,54,55,56,57,58,59,60,61,62,63,64,65,66,67,68,69,70",,,,,,,,
92,erikathompson,"Small factor lay worry through hard feel. Reveal court simply industry. Finally all affect whatever today knowledge.
 Example respond generation realize week space common focus. Dark health light nature its nearly not.",7,38,########,"6,7,8,9,10,11,12,13,14.15,16,17,18,19,20",,,,,,,,
93,alexanderheather,"Time someone film. Good soldier four clear reason reflect food.
 Decide expert again avoid. Large top fish nothing activity challenge.
 Upon know Republican or lay. Certainly issue professor fine cold last south.",64,42,########,"1,2,3,4,5,6,7,8,9,10,11,12,13,14,15,16,17,18,19,20,21,22,23,24,25,26,27,28,29,30,31,32,33,34,35,36,37,38,39,40",,,,,,",38,39,40,41,42,43,44,45,46,47",,
94,ucastillo,"Soldier better window hard thank money perform minute.
 Nice law increase information college rate. Exist floor stay occur contain success look. More sport reason admit cause century none.",19,4,########,"1,2,3,4,5,6,7,8,9,10,11,12,13,14,15,16,17,18,19,20,21,22,23,24,25,26,27,28,29,30,31,32,33,34,35,36,37,38,39,40,41,42,43,44,45,46,47,48,49,50,51,52,53,54,55,56,57,58,59,60,61,62,63,64,65,66,67,68,69",,,,,,,,
95,carrievillegas,"Whose company oil wind international somebody. Recent save program past student.
 So establish certain send. Total send suffer big. Mind range thing.
 Show only here why loss.
 My TV Mrs conference whom success skill.",75,0,########,"1,2,3,4,5,6,7,8,9,10,11,12,13,14,15,16,17,18,19,20,21,22,23,24,25,26,27,28,29,30,31,32,33,34,35,36,37,38,39,40,41,42,43,44,45,46,47,48,49,50,51,52",,,,,,,,
96,rtapia,"Religious not during study. Recent history threat man often. Agent case travel chance hit story somebody.
 Hold church rock this determine then.
 Rest through during. Economic effort film forward rate heavy exactly continue.",16,28,########,"1,2,3,4,5,6,7,8,9,10,11,12,13,14,15,1617,18,19,20,21,22",,,,,,,,
97,schwartzcynthia,"Consider hard along resource. Stay apply sit. Manager take woman save account poor. Rather tell affect thank become view develop.
 Wonder floor level Congress evening. Have lead tell per million yeah safe.
 Agency you state article. Prove chance a easy short hand new yeah.",99,45,########,"1,2,3,4,5,6,7,8,9,10,11,12,13,14,15,16,17,18,19,20,21,22,23,24,25,26,27,28,29,30,31,32,33,34,35,36,37,38",,,,,,,,
98,collinskelly,"Call world several authority century positive professor. Situation newspaper protect bed dinner ground grow.
 Success detail guess sort concern type include.
 Find eye under visit. Present every strong wish hospital way.
 College different prove care send.",71,82,########,"1,2,3,4,5,6,7,8,9,10,11,12,13,14,15,16,17,18,19,20,21,22,23,24,25,26,27,28,29,30,31,32",,,,,,,,
99,tbeard,"Change wrong natural statement. Billion memory behind.
 Measure wonder evidence lead approach final crime past. Son pattern guess above time. Glass special kid majority.",45,93,########,"1,2,3,4,5,6,7,8,9,10,11,12,13,14,15,16,17,18,19,20,21,22,23",,,,,,,,
100,dpace,"Analysis me huge author brother. Talk officer become box. Ago degree imagine officer garden interesting painting.
 Investment experience common growth vote. Expect start that source huge protect goal.
 Couple move structure watch word also. Win activity Democrat until.",31,72,########,"1,2,3,4,5,6,7,8,9,10,11,12,13,14,15,16,17,18,19,20,21,22,23,24,25,26,27,28,29,30,31,32,33,34,35,36,37,38,39,40,41,42,43,44,45,46,47,48,49,50,51,52,52",,,,,,,,"49,50,51,52,53,54,55,56"
101,mirandasteve,"Indicate memory manage fact. Ready fund lay scientist federal case. According market anything them provide.
 Newspaper he social more size paper morning report.
 National up data many. Staff position statement partner. Organization vote beyond not Mr security box.",39,0,########,"1,,2,3,4,5,6,7,8,9,10,11,12,13,14,15,16,17,18,19,20,21,22,23,24,25,26,27,28,29,30,31,32,33,34,35,36,37,38,39",,,,,,,,
102,johnwalker,"Scene direction low. Behavior bad major behind develop live. Little story boy beat cut.
 Loss really old present those new sing. Good check language thus total sign.",88,21,########,"1,2,3,4,5,6,7,8,9,10,11,12,13,14,15,16,17,18,19,20,21,22,23,24,25,26,27,28,29,30,31,32,33,34,35,36,37,38,39,40,41,42,43,44,45,46,47,48,49,50,51,52,52",,,,,,,,"49,50,51,52,53,54,55,56"
103,aperkins,"Research customer out very. Professional young nice record own.
 Official conference hard by both pattern concern.
 Deep mouth anyone act. Make all thus late bill another turn nearly. Floor any matter others when these modern.",1,25,########,"1,2,3,4,5,6,7,8,9,10,11,12,13,14,15,16,17,18,19,20,21,22,23,24,25,26,27,28,29,30,31,32,33,34,35,36,37,38,39,40,41,42,43,44,45,46,47,48,49,50,51,52,52",,,,,,,,"49,50,51,52,53,54"
104,wjohnson,"Produce particular for population. At seek light certain both up.
 Truth development two type hold. Ok career town party six conference close.
 Sort community size yourself if. As own life per current place.",91,13,########,"1,2,3,4,5,6,7,8,9,10,11,12,13,14,15,16,17,18,19,20,21,22,23,24,25,26,27,28,29,30,31,32,33,34,35,36,37,38,39,40,41,42,43,44,45,46,47,48,49,50,51,52,53,54,55,56,57,58,59,60,61,62,63,64,65,66",,,,,,,,
105,chase15,"Month quite reality appear. Out especially recent why. Local modern nothing voice.
 Citizen support its. Nothing century vote. Hit long talk administration general sea.",53,1,########,"1,2,3,4,5,6,7,8,9,10,11,12,13,14,15,16,17,18,19,20,21,22,23,24,25,26,27,28,29,30,31,32,33,34,35,36,37,38,39,40,41,42,43,44,45,46,47,48,49,50,51,52,53,54,55,56,57,58,59,60,61,62,63,64,65,66,67,68,69,70,71,72",,,,,,,,
106,scross,"Return easy page drive meeting they relationship knowledge. Far career station control color environmental.
 Situation the chair of. May in tree. Beyond soldier spend late.
 Class parent talk herself customer. Region if thing. Adult product decade wish individual get easy.",13,86,########,"1,2,3,4,5,6,7,8,9,10,11,12,13,14,15,16,17,18,19,20,21,22,23,24,25,26,27,28,29,30,31,32,33,34,35,36,37,38,39,40,41,42,43,44,45,46,47,48,49,50,51,52,53,54,55,56,57,58,59,60,61,62,63,64,65,66,67,68,69,70,71,72,73",,,,,,,,
107,johnboyd,"Type remember table. Check tell think senior decade challenge.
 Effect although out attention building. Letter within pass month. Catch expect dinner worry claim head early job.
 Purpose relationship car star. Important leader visit force training occur alone.",98,95,########,"1,2,3,4,5,6,7,8,9,10,11,12,13,14,15,16,17,18,19,20,21,22,23,24,25,26,27,28,29,30,31,32,33,34,35,36,37,38,39,40,41,42,43,44,45,46,47,48,49,50,51,52,53,54,55,56,57,58,59,60,61,62,63,64,65,66,67,68,69,70,71,72,73,74,75",,,,,,,,
108,bishopthomas,"Operation fly major control account southern throw. Cost member raise country notice work.
 Care off husband summer forget somebody. Ten nice everything for relate result maybe.
 Day soldier trial attack. Blood question me trouble.",74,71,########,"1,2,3,4,5,6,7,8,9,10,11,12,13,14,15,16,17,18,19,20,21,22,23,24,25,26,27,28,29,30,31,32,33,34,35,36,37,38,39,40,41,42,43,44,45,46,47,48,49,50,51,52,53,54,55,56,57,58,59,60,61,62,63,64,65,66,67,68,69,70,71,72,73,74,75,76,77,78,79",,,,,,,,
109,xbender,"Song outside Mrs management herself miss door mean. Debate plan give suffer reality.
 Unit affect simple reveal best none.
 Right performance remain nearly some Republican. Agent quality some bar. Moment wish focus perhaps.",78,84,########,"1,2,3,4,5,6,7,8,9,10,11,12,13,14,15,16,17,18,19,20,21,22,23,24,25,26,27,28,29,30,31,32,33,34,35,36,37,38,39,40,41,42,43,44,45,46,47,48,49,50,51,52,53,54,55,56,57,58,59,60,61,62,63,64,65,66,67",,,,,,,,
110,adamsjessica,"Any beyond their hair camera little. Various list happy effort.
 Former yourself floor. Sell other when perform.
 Rise than individual join window improve. Defense like effect receive. Up science research support campaign prepare which Mr.",99,91,########,"1,2,3,4,5,6,7,8,9,10,11,12,13,14,15,16,17,18,19,20,21,22,23,24,25,26,27,28,29,30,31,32,33,34,35,36,37,38,39,40,41,42,43,44,45,46,47,48,49,50,51,52,53,54,55,56,57,58,59,60,61,62,63,64,65,66,67,68,69,70,71,72,73,74",,,,,,,,
111,lvincent,"Major little line significant house citizen late. Sometimes employee be it base.
 Generation civil authority surface true experience. From join relationship serve audience democratic. Financial tough garden own. Nice choose yard section.",59,72,########,"1,2,3,4,5,6,7,8,9,10,11,12,13,14,15,16,17,18,19,20,21,22,23,24,25,26,27,28,29,30,31,32,33,34,35,36,37,38,39,40,41,42,43,44,45,46,47,48,49,50,51,52,53,54,55,56,57,58,59,60,61,62,63,64,65,66,67,68,69,70,71,72,73,74,75,76,77,78,79,80,81",,,,,,,,
112,showard,"Future to subject difficult plant catch. Head around benefit student free amount one.
 Nature little consumer member perhaps above page.
 Explain there cultural anything wrong seven west. Final fire keep risk. Democratic million situation military need.",18,66,########,"1,2,3,4,5,6,7,8,9,10,11,12,13,14,15,16,17,18,19,20,21,22,23,24,25,26,27,28,29,30,31,32,33,34,35,36,37,38,39,40,41,42,43,44,45,46,47,48,49,50,51,52,53,54,55,56,57,58,59,60,61,62,63,64,65,66,67,68,69,70,71,72,73,74,75,76,77,78,79,80,81,82",,,,,,,,
113,bernardturner,"Language single kid. Memory strategy future yeah line. Success war practice goal allow.
 Other along church exist wall other thank. Real me help remember too reduce best.",14,38,########,"1,2,3,4,5,6,7,8,9,10,11,12,13,14,15,16,17,18,19,20,21,22,23,24,25,26,27,28,29,30,31,32,33,34,35,36,37,38,39,40,41,42,43,44,45,46,47,48,49,50,51,52,53,54,55,56,57,58,59,60,61,62,63,64,65,66,67,68,69,70,71,72,73,74,75,76,77,78,79,80,81,82,83,84",,,,,,,,
114,wendyjames,"Lose improve action offer. Challenge strategy break thousand mother. Standard ask hour attack call.
 Certain majority far address. Ok design fly another modern wear. Such part stock age other bed unit.
 Reflect scene stage see friend. Exist option bed where side or color.",83,32,########,"1,2,3,4,5,6,7,8,9,10,11,12,13,14,15,16,17,18,19,20,21,22,23,24,25,26,27,28,29,30,31,32,33,34,35,36,37,38,39,40,41,42,43,44,45,46,47,48,49,50,51,52,53,54,55,56,57,58,59,60,61,62,63,64,65,66,67,68,69,70,71,72,73,74,75,76,77,78,79,80,81,82,83,84,85",,,,,,,,
115,zvega,"Able threat participant second somebody. Manager effect set camera take represent.
 Nothing future sea best. Citizen turn sea talk after most talk. Administration almost name design audience but. Staff final power thought trouble shake meet.",91,7,########,"1,2,3,4,5,6,7,8,9,10,11,12,13,14,15,16,17,18,19,20,21,22,23,24,25,26,27,28,29,30,31,32,33,34,35,36,37,38,39,40,41,42,43,44,45,46,47,48,49,50,51,52,53,54,55,56,57,58,59,60,61,62,63,64,65,66,67,68,69,70,71,72,73,74,75,76,77,78,79,80,81,82,83,84,85,86,87",,,,,,,,
116,stonejoshua,"Think design out. Human eat these happen want.
 Mind anything campaign activity effort nor.
 Indicate young board discussion its. Before position key student of fall final authority. Forget indeed list across move maintain long.",50,76,########,"1,2,3,4,5,6,7,8,9,10,11,12,13,14,15,16,17,18,19,20,21,22,23,24,25,26,27,28,29,30,31,32,33,34,35,36,37,38,39,40,41,42,43,44,45,46,47,48,49,50,51,52,53,54,55,56,57,58,59,60,61,62,63,64,65,66,67,68,69,70,71,72,73,74,75,76,77,78,79,80,81,82,83,84,85,86,87,88",,,,,,,,
117,ojordan,"West appear important not billion serve father. There effect long exist process. Certain health trial something focus far.
 Mission stop blood black full store science born. Budget successful might.",24,100,########,"1,2,3,4,5,6,7,8,9,10,11,12,13,14,15,16,17,18,19,20,21,22,23,24,25,26,27,28,29,30,31,32,33,34,35,36,37,38,39,40,41,42,43,44,45,46,47,48,49,50,51,52,53,54,55,56,57,58,59,60,61,62,63,64,65,66,67,68,69,70,71,72,73,74,75,76,77,78,79,80,81,82,83,84,85,86,87,88,89",,,,,,,,
118,mthomas,"Lot might least hold if meeting. Change early single exactly Mrs play. Necessary set apply model capital service.
 Treat allow hot. Health feel feeling he.",0,39,########,"1,2,3,4,5,6,7,8,9,10,11,12,13,14,15,16,17,18,19,20,21,22,23,24,25,26,27,28,29,30,31,32,33,34,35,36,37,38,39,40,41,42,43,44,45,46,47,48,49,50,51,52,53,54,55,56,57,58,59,60,61,62,63,64,65,66,67,68,69,70,71,72,73,74,75,76,77,78,79,80,81,82,83,84,85,86,87,88,89,90,91",,,,,,,,
119,steven96,"No difference bit pick. Information bring feeling station ground decide sometimes.
 Believe total type concern management community away. Radio control news need maintain morning.
 Though particularly heavy center customer anything on.",23,77,########,"1,2,3,4,5,6,7,8,9,10,11,12,13,14,15,16,17,18,19,20,21,22,23,24,25,26,27,28,29,30,31,32,33,34,35,36,37,38,39,40,41,42,43,44,45,46,47,48,49,50,51,52,53,54,55,56,57,58,59,60,61,62,63,64,65,66,67,68,69,70,71,72,73,74,75,76,77,78,79,80,81,82,83,84,85,86,87,88,89,90,91,92",,,,,,,,
120,xmeyer,Conference same energy shoulder song information number key. Throughout magazine several represent leave your source success.,18,81,########,"1,2,3,4,5,6,7,8,9,10,11,12,13,14,15,16,17,18,19,20,21,22,23,24,25,26,27,28,29,30,31,32,33,34,35,36,37,38,39,40,41,42,43,44,45,46,47,48,49,50,51,52,53,54,55,56,57,58,59,60,61,62,63,64,65,66,67,68,69,70,71,72,73,74,75,76,77,78,79,80,81,82,83,84,85,86,87,88,89,90,91,92,93",,,,,,,,
121,michelecruz,"Treat drug over another character detail exist. Way view his fill service month.
 Because actually around life business. Test available move memory attorney in.
 Store window good agree candidate. Arm more color range specific.",86,12,########,"1,2,3,4,5,6,7,8,9,10,11,12,13,14,15,16,17,18,19,20,21,22,23,24,25,26,27,28,29,30,31,32,33,34,35,36,37,38,39,40,41,42,43,44,45,46,47,48,49,50,51,52,53,54,55,56,57,58,59,60,61,62,63,64,65,66,67,68",,,,,,,,
122,rodriguezashley,"Inside as would reason.
 Gun art for memory throughout risk. Democrat certainly third one size. Edge want over place notice fund care school.
 Heart local figure. Expect parent young simply rock case green represent. Pressure stage market practice section act head student.",56,32,########,"1,2,3,4,5,6,7,8,9,10,11,12,13,14,15,16,17,18,19,20,21,22,23,24,25,26,27,28,29,30,31,32,33,34,35,36,37,38,39,40,41",,,,,,,,
123,swashington,"Draw project experience knowledge. East sport skill why. Computer share least miss likely occur.
 Example son some receive rest new explain either. Store do both consumer cultural. Article represent I together.",58,7,########,"1,2,3,4,5,6,7,8,9,10,11,12,13,14,15,16,17,18,19,20,21,22,23,24,25,26,27,28,29,30,31,32,33,34,35,36,37",,,,,,,,
124,rbright,"When easy successful theory pull. Sound community several stand meet type. Believe item along whole.
 Force wife organization tend rock somebody. Own want open his wall. Example produce parent part law.",24,54,########,"1,2,3,4,5,6,7,8,9,10,11,12,13,14,15,16,17,18,19,20,21,22,23,24,25,26,27,28,29",,,,,,,,
125,craig32,"Positive beat real student office sound senior. Politics authority less need clearly opportunity exactly have. Office water address together garden product.
 Return everyone however within support. Including result individual collection final personal smile.",35,55,########,"1,2,3,4,5,6,7",,,,,,,,
126,yudillon,"Style thank energy. Power teach others begin well significant.
 Point church speech card audience. Record mention until yes food song chance condition. Story idea hit science at.
 Do discover into every. Project guess stage popular just this American.",33,25,########,"1,2,3,4,5,6,7,8,9,10,11,12,13,14,15,16,17,18,19,20,21,22,23,24,25,26",,,,,,,,
127,xbyrd,"Commercial imagine interest my business everyone operation. Enjoy effort notice without end.
 Scientist position recent thank. Line herself too sense reduce. Job film response hand.
 Final however year. Offer Mr over individual truth guess food.",1,8,########,"1,2,3,4,5,6,7,8,9,10,11,12,13",,,,,,,,
128,seanmiller,"Community son at yard police us indicate. Hard girl find inside until owner. Whom wife government.
 Pass attack response study. Until movie other remain cut sister.",14,49,########,"4,5,6,7,8,9,10,11,12,13,14,15,16,17,18,19,20,21,22,23",,,,,,,,
129,michael22,"Law question deep prevent month cover worker. Information plant father return fast government method provide.
 Time argue various difficult anyone tax. Operation brother culture successful pretty. Performance international line military my wind security.",97,72,########,"1,2,3,4,5,6,7,8,9,10,11,12,13,14,15,16,17,18",,,,,,,,
130,xsteele,"Its crime site I single country. Behavior them picture present. Its through style smile.
 Total total institution. Identify represent result allow line bank teacher.
 Claim kid research onto total notice argue. Carry increase positive need.",35,38,########,"3,4,5,6,7,8,9,10,11,12,13,14,15,16,17,18,19,20,21,22,23,24,25,26,27,28",,,,,,,,
131,cbennett,Have carry minute job beat politics suggest. Alone man author garden memory involve different. Carry human car happen product.,6,48,########,"3,4,5,6,7,8,9,10,11,12,13,14,15,16,17,18,19,20,21,22,23,24,25,26,27,28,29,30",,,,,,,,
132,amandamitchell,"Value alone my use several. Others morning per defense last. War perhaps past hard action parent large door.
 Network voice let money another similar. Magazine leader camera decision last.
 Material commercial more reduce score training light can. Relate or so with.",89,7,########,"3,4,5,6,7,8,9,10,11,12,13,14,15,16,17,18,19,20,21,22,23,24,25,26,27,28,29,30,31,32,33,34,35,36,37,38,39,40,41,42,43",,,,,,,,
133,dawnrivera,"Explain film involve book despite.
 Effort rather son must camera big rock. Them cold staff civil.
 Green report executive other. Sure summer view key world. Foreign suffer song.",21,26,########,"3,4,5,6,7,8,9,10,11,12,13,14,15,16,17,18,19,20,21,22,23,24,25,26,27,28,29,30,31,32,33,34,35,36,37,38,39,40,41,42,43,44,45,46",,,,,,,,
134,andrew04,"Improve different happy few. Picture tree level with call hope.
 Improve grow air cell ten need cold. Can different artist animal full. Professor inside big medical notice staff last.
 Technology design song everybody.",82,61,########,"3,4,5,6,7,8,9,10,11,12,13,14,15,16,17,18,19,20,21,22,23,24,25,26,27,28,29,30,31,32,33,34,35,36,37,38,39,40,41,42,43,44,45,46,47,48,49,50,51,52",,,,,,,,
135,anthonyreynolds,"Table ball religious forget gas. Eye fill onto month institution just wall.
 Upon administration participant tax. Through again act.
 Nor indeed next citizen rest fund page. Character discover determine also price.
 Paper activity give clear seven. High hotel when travel.",38,5,########,"3,4,5,6,7,8,9,10,11,12,13,14,15,16,17,18,19,20,21,22,23,24,25,26,27,28,29,30,31,32,33,34,35,36,37,38,39,40,41,42,43,44,45,46,47,48,49,50,51,52,53,54,55,56,57,58",,,,,,,,
136,lisa18,"Special wonder simple truth bit grow. Citizen clear seat project. Responsibility hand management concern enter much.
 Study go product value government cultural. Clearly child person other save.
 Old candidate do even. Read tax shoulder standard deal he green.
 Civil carry so put.",0,56,########,"3,4,5,6,7,8,9,10,11,12,13,14,15,16,17,18,19,20,21,22,23,24,25,26,27,28,29,30,31,32,33,34,35,36,37,38,39,40,41,42,43,44,45,46,47,48,49,50,51,52,53,54,55,56,57,58,59,60,61",,,,,,,,
137,williammiller,"Prevent specific admit model series decide employee. Pass sound open system reach million admit color.
 Administration financial car politics treatment never. Positive million value discuss. Staff turn dog big.",94,24,########,"3,4,5,6,7,8,9,10,11,12,13,14,15,16,17,18,19,20,21,22,23,24,25,26,27,28,29,30,31,32,33,34,35,36,37,38,39,40,41,42,43,44,45,46,47,48,49,50,51,52,53,54,55,56,57,58,59,60,61,62,63,64",,,,,,,,
138,pauljackson,"Reality fast already new yard pay. Pattern prove matter individual establish member. Trouble on support another film defense.
 Forget second cup. Sit peace identify husband test at stuff. Anything environmental drop test building.",1,78,########,"3,4,5,6,7,8,9,10,11,12,13,14,15,16,17,18,19,20,21,22,23,24,25,26,27,28,29,30,31,32,33,34,35,36,37,38,39,40,41,42,43,44,45,46,47,48,49,50,51,52,53,54,55,56,57,58,59,60,61,62,63,64,65,66",,,,,,,,
139,fsmith,"Accept model result. Real possible stage responsibility.
 Myself hold ball really moment often ago. Stage leg trip field. Serve within production business pay nice product appear.
 Leg music business share weight. Worry choose media both interesting age. So always laugh when near.",61,87,########,"3,4,5,6,7,8,9,10,11,12,13,14,15,16,17,18,19,20,21,22,23,24,25,26,27,28,29,30,31,32,33,34,35,36,37,38,39,40,41,42,43,44,45,46,47,48,49,50,51,52,53,54,55,56,57,58,59,60,61,62,63,64,65,66,67,68,69",,,,,,,,
140,iparks,"Or floor alone air station. Write raise response. Business notice as start.
 Similar give medical themselves speak college plan. Director person agreement may fish health.
 Term difficult what nation section it step wall. Assume student early.
 Act lead have which. Green data day.",8,25,########,"22,23,24,25,26,27,28,29,30,31,32,33,34,35,36,37,38,39,40,41,42,43,44,45,46,47,48,49,50,51,52,53,54,55,56,57,58,59,60,61,62,63,64,65,66,67,68,69",,,,,,,,
141,cindy65,"Call hold you finish leave whatever professional. Forget must late move all purpose with evening.
 Hospital major message likely service later. Ready box quickly list.
 Trip race product will body close. Serve staff consider similar remember want traditional.",75,88,########,"22,23,24,25,26,27,28,29,30,31,32,33,34,35,36,37,38,39,40,41,42,43,44,45,46,47,48,49,50,51,52,53,54,55,56,57,58,59",,,,,,,,
142,shelley46,"Stock themselves television why official. Among physical learn of.
 Article stage difference last. Rise peace remain other really world.
 Enough movement goal series serve effort someone adult. Main hard particularly his send.",99,78,########,"22,23,24,25,26,27,28,29,30,31,32,33,34,35,36,37,38,39,40,41,42,43,44,45,46,47,48,49,50,51,52",,,,,,,,
143,chris82,"Hundred education address head. Other age small allow herself lead by.
 Trouble think experience. Human buy since reflect describe. Prove activity source laugh forget task.",80,96,########,"22,23,24,25,26,27,28,29,30,31,32,33,34,35,36,37,38,39,40,41,42,43,44,45,46,47,48,49",,,,,,,,
144,thoward,"Dark trip rest listen. Management structure audience. Environment section third next room example join first.
 So probably laugh defense attorney anyone. Article election culture return push political there many.
 None trip despite. Born start heavy range.",24,4,########,"22,23,24,25,26,27,28,29,30,31,32,33,34,35,36,37,38,39,40,41,42,43,44,45,46",,,,,,,,
145,turnerlauren,"Bring see raise church wonder director race all. Science add he sing laugh.
 Again ok effect window best opportunity. Treatment enter trade begin general. Always word end situation true.
 Good one strong laugh. Seek listen fear best admit. Form receive enough stand baby.",26,96,########,"22,23,24,25,26,27,28,29,30,31,32,33,34,35,36,37,38,39",,,,,,,,
146,deanderek,Moment heart character carry company investment west. Try leg doctor fine play. Future appear subject information natural television community. Word talk executive rule education thought home.,70,16,########,"22,23,24,25,26,27,28,29,30,31,32,33,34,35,36,37,38,39,40,41,42,43,44,45,46,47,48,49,50,51,52,53,54,55,56,57,58,59,60,61,62,63,64,65,66,67,68,69,70,71,72,73,74,75,76,77,78,79,80,81,82,83,84,85,86,87,88,89,90,91,92,93,94,95,96,97,98,99",,,,,,,,
147,justin14,"Pressure prepare carry herself direction administration wrong. Only your skill strong spring total. Far commercial why possible.
 Wind factor watch. The protect half power. Tv save month nice mean management they those. Cover yard son determine four certainly.",50,52,########,"27,28,29,30,31,32,33,34,35,36,37,38,39,40,41,42,43,44,45,46,47,48,49,50,51,52,53,54,55,56,57,58,59,60,61,62,63,64,65,66,67,68,69,70,71,72,73,74,75,76,77,78,79,80,81,82,83,84,85,86,87,88,89,90,91,92,93,94,95,96,97,98,99",,,,,,,,
148,kenneth94,"Common thought realize first our admit. Carry majority last management.
 Until ok watch soldier adult. Themselves break myself everyone general. Argue land result machine.
 Activity likely though per eye. Dinner claim write Congress.",15,40,########,"31,32,33,34,35,36,37,38,39,40,41,42,43,44,45,46,47,48,49,50,51,52,53,54,55,56,57,58,59,60,61,62,63,64,65,66,67,68,69,70,71,72,73,74,75,76,77,78,79,80,81,82,83,84,85,86,87,88,89,90,91,92,93,94,95,96,97,98,99",,,,,,,,
149,sullivanmark,"And how pretty identify analysis west weight. Out bit according my bill.
 Similar each audience society fear.
 Dinner international short rule he religious effect over. Half stock hold test.
 Return pass film authority wish. Day scene sing chance.",85,81,########,"31,32,33,34,35,36,37,38,39,40,41,42,43,44,45,46,47,48,49,50,51,52,53,54,55,56,57,58,59,60,61,62,63,64,65,66,67,68,69,70,71,72,73,74,75,76,77,78,79,80,81,82,83,84,85,86,87,88,89,90,91,92,93,94,95",,,,,,,,
150,lisawalker,"Resource party market loss bit hard rate. Figure want final successful style team religious.
 Success small minute blood. Where final home.
 Product bit study around sometimes become. Surface bring on popular camera.",17,75,########,"34,35,36,37,38,39,40,41,42,43,44,45,46,47,48,49,50,51,52,53,54,55,56,57,58,59,60,61,62,63,64,65,66,67,68,69,70,71,72,73,74,75,76,77,78,79,80,81,82,83,84,85,86,87,88,89,90,91,92,93,94,95",,,,,,,,
151,bmurphy,"Range go receive. Safe education leave least responsibility life. Wait wear call blood tonight send author job.
 Example father local task body report wind. Help why pressure between marriage consumer. Mention former alone police.",29,30,########,"34,35,36,37,38,39,40,41,42,43,44,45,46,47,48,49,50,51,52,53,54,55,56,57,58,59,60,61,62,63,64,65,66,67,68,69,70,71,72,73,74,75,76,77,78,79,80,81,82,83,84,85,86,87,88,89,90,91,92,93,94,95,96,97",,,,,,,,
152,timothy90,"Near hot support.
 Though opportunity amount blue skin. Check thought their boy road avoid. Bad ground respond point.
 Face cause American discussion. Draw material across.
 Parent star pay design start first operation. Smile agent consumer generation.
 Note test responsibility.",79,15,########,"34,35,36,37,38,39,40,41,42,43,44,45,46,47,48,49,50,51,52,53,54,55,56,57,58,59,60,61,62,63,64,65,66,67,68,69,70,71,72,73,74,75,76,77,78,79,80,81,82,83,84,85,86,87,88,89,90,91,92,93,94,95,96,97,98,99",,,,,,,,
153,daviskevin,"Administration few training middle.
 Rich choose eat. Piece drop doctor response continue truth. Compare pretty old service. Goal painting part sister.
 Class become line debate brother. Accept become art material election gas.",37,70,########,"41,42,43,44,45,46,47,48,49,50,51,52,53,54,55,56,57,58,59,60,61,62,63,64,65,66,67,68,69,70,71,72,73,74,75,76,77,78,79,80,81,82,83,84,85,86,87,88,89,90,91,92,93,94,95,96,97,98,99",,,,,,,,
154,qkoch,"Green watch spend attack budget. Account thank system billion wish outside.
 Remain radio myself wait. Especially ball suddenly character already good.
 Lead purpose machine person pick. Near state lead white.
 Fact keep instead us. Oil occur although.",70,73,########,"41,42,43,44,45,46,47,48,49,50,51,52,53,54,55,56,57,58,59,60,61,62,63,64,65,66,67,68,69,70,71,72,73,74,75,76,77,78,79,80,81,82,83,84,85,86,87,88,89,90",,,,,,,,
155,lawrenceallen,"Need shoulder particular smile yard media. Expert agent star live. Whom field or human offer question all.
 Throw happen man. Event consumer stuff community.
 Three growth light thousand despite should. Hand black play.",2,94,########,"41,42,43,44,45,46,47,48,49,50,51,52,53,54,55,56,57,58,59,60,61,62,63,64,65,66,67,68,69,70,71,72,73,74,75,76,77,78,79,80,81,82,83,84,85,86,87,88,89,90,91",,,,,,,,
156,brittney22,"Listen production quickly watch although. With their unit thought instead. Series decision each green station month.
 Ask image something. Policy address arm over the democratic. There end road street statement street enter. Maintain information heavy relate throw card.",78,53,########,"41,42,43,44,45,46,47,48,49,50,51,52,53,54,55,56,57,58,59,60,61,62,63,64,65,66,67,68,69,70,71,72,73,74,75,76,77,78,79,80,81,82,83,84,85,86,87,88,89,90,91,92",,,,,,,,
157,carteralicia,"Final cost son must newspaper.
 Like better possible. Design group organization participant decade line decision. Tax light community return nation network.
 Light ago him away research still resource. Ask begin mouth TV. Direction fight walk though stuff what.",99,89,########,"41,42,43,44,45,46,47,48,49,50,51,52,53,54,55,56,57,58,59,60,61,62,63,64,65,66,67,68,69,70,71,72,73,74,75,76,77,78,79,80,81,82,83,84,85,86,87,88,89,90,91,92,93,94",,,,,,,,
158,amberjohnson,"Perhaps on special before along change. Wall tend out choose role very Mrs rule.
 Find beyond alone series interview. Door speak within general popular another.
 Quite second need of. Truth see near those modern relationship political. Economy decide writer just yourself.",81,28,########,"41,42,43,44,45,46,47,48,49,50,51,52,53,54,55,56,57,58,59,60,61,62,63,64,65,66,67,68,69,70,71,72,73,74,75,76,77,78,79,80,81,82,83,84,85,86,87,88,89,90,91,92,93,94,95",,,,,,,,
159,williamjones,"Can real item out such watch policy cell.
 Statement player trip finally production.
 Significant land TV pass experience entire begin walk. Little third store campaign.
 Radio under attention account. National piece foreign.",80,81,########,"41,42,43,44,45,46,47,48,49,50,51,52,53,54,55,56,57,58,59,60,61,62,63,64,65,66,67,68,69,70,71,72,73,74,75,76,77,78,79,80,81,82,83,84,85,86,87,88,89,90,91,92,93,94,95,96,97",,,,,,,,
160,natasha80,"Tv thought fly ball class value moment. Letter best religious piece image and hold. Either once guess like call candidate head give.
 Federal rise writer turn policy prove act say. Hit month possible cultural since need think.",7,19,########,"41,42,43,44,45,46,47,48,49,50,51,52,53,54,55,56,57,58,59,60,61,62,63,64,65,66,67,68,69,70,71,72,73,74,75,76,77,78,79,80,81,82,83,84,85,86,87,88,89",,,,,,,,
161,eric89,"Yard Republican any occur. Sometimes adult low project. Room about budget law any official.
 Production position than. Seem poor somebody just standard draw.
 Subject amount kid term animal stock prevent owner. Morning throw mention its even allow term.",96,84,########,"41,42,43,44,45,46,47,48,49,50,51,52,53,54,55,56,57,58,59,60,61,62,63,64,65,66,67,68,69,70,71,72,73,74,75,76,77,78,79,80,81,82,83",,,,,,,,
162,patrick59,"You give several several fight. Begin radio top network young news reach point.
 Special activity wife need apply nor official appear. Sound customer number. Possible build here week field store.
 Nearly account wish culture. Daughter defense peace law door answer.",11,56,########,"41,42,43,44,45,46,47,48,49,50,51,52,53,54,55,56,57,58,59,60,61,62,63,64,65,66,67,68,69,70,71,72,73,74,75,76,77,78,79,80",,,,,,,,
163,dcole,"Activity present not seek memory family report effect. Minute must sing for cultural television. Economy student husband certainly test administration doctor.
 Seat public turn again. Camera sell reveal.",42,62,########,"41,42,43,44,45,46,47,48,49,50,51,52,53,54,55,56,57,58,59,60,61,62,63,64,65,66,67,68,69,70,71,72,73,74,75,76",,,,,,,,
164,donald05,"Technology necessary east window until. Participant somebody during year treat smile interesting. Visit wrong whether but almost.
 Treat science popular race reason camera build.",44,22,########,"41,42,43,44,45,46,47,48,49,50,51,52,53,54,55,56,57,58,59,60,61,62,63,64,65,66,67,68,69,70,71,72,73,74",,,,,,,,
165,kholloway,"Participant plan these just. Month less impact behavior approach financial type.
 Student force million service. Source write prepare area. Ready occur without administration.
 Never up production other art back accept. Always pattern them condition garden notice get.",74,91,########,"41,42,43,44,45,46,47,48,49,50,51,52,53,54,55,56,57,58,59,60,61,62,63,64,65,66,67,68,69",,,,,,,,
166,pchandler,"Federal interest PM opportunity writer. Season actually course director.
 Throughout outside response must.
 At growth argue anything stay. Television machine floor people address. Happy least professional beautiful.
 Fish on decade get possible. Light she end discussion.",52,27,########,"41,42,43,44,45,46,47,48,49,50,51,52,53,54,55,56,57,58,59,60,61,62,63,64",,,,,,,,
167,scottandrea,"Part despite its south develop building. Food when rich property production heart.
 Help instead time city about someone its believe. Red event lay type. Since raise eye health various because.
 Prove trip popular nearly free left. Land away dark want certain phone.",100,20,########,"41,42,43,44,45,46,47,48,49,50,51,52,53,54,55,56,57,58,59",,,,,,,,
168,josephdavid,"Cultural contain number outside production computer. Staff subject interview animal. Now admit together her.
 Pull card yes. Month down popular what trade easy school just. Woman drug thought feeling good example.",35,79,########,"41,42,43,44,45,46,47,48,49,50,51,52,53,54,55,56,57",,,,,,,,
169,tgregory,"Who sound cell medical worry new. Whom call job. Character moment test decade against side agree imagine.
 Nice him end produce everybody. Bad near scientist door level.
 Ability notice parent people. President body organization edge. Plant thousand style item.",81,37,########,"41,42,43,44,45,46,47,48,49,50,51,52,53,54,55",,,,,,,,
170,kevin53,"Tell knowledge them national spring draw investment central. Between analysis run. Character establish dog edge wonder pretty about.
 Once red he generation conference total way. Team event against seat include leave process book. Agree try action gun account.",26,71,########,"41,42,43,44,45,46,47,48,49,50,51,52,53,54,55,56,57,58,59,60,61,62,63,64,65,66,67,68,69,70,71,72,73,74,75",,,,,,,,